﻿<?xml version="1.0" encoding="utf-8" ?>
<ruleset>
  <name>Kopier Welt</name>
  <description>Eine Alternatives Regelset</description>
  <author>Christian Wieck</author>
  <link>http://de.wikipedia.org/wiki/Conways_Spiel_des_Lebens</link>
  <guid>59CD2AA0-CB77-4FD7-8D6E-E82BE1DE250E</guid>
  <rules>
    <rule Neighbours="0" NewStatus="Tot" />
    <rule Neighbours="2" NewStatus="Tot" />
    <rule Neighbours="4" NewStatus="Tot" />
    <rule Neighbours="6" NewStatus="Tot" />
    <rule Neighbours="1" NewStatus="Lebt" />
    <rule Neighbours="3" NewStatus="Lebt" />
    <rule Neighbours="5" NewStatus="Lebt" />
    <rule Neighbours="7" NewStatus="Lebt" />
  </rules>
</ruleset>